PRODUTO,NOME,PREÇO (R$)
LEITE INTEGRAL 1L,LEITE UHT INTEGRAL QUALITÁ CAIXA COM TAMPA 1L,4.79
LEITE INTEGRAL 1L,LEITE UHT INTEGRAL QUATÁ CAIXA COM TAMPA 1L,4.99
LEITE INTEGRAL 1L,LEITE UHT INTEGRAL JUSSARA CAIXA COM TAMPA 1L,4.99
LEITE INTEGRAL 1L,LEITE UHT INTEGRAL ZERO LACTOSE JUSSARA GARRAFA 1L,5.79
LEITE INTEGRAL 1L,LEITE PASTEURIZADO TIPO A INTEGRAL XANDÔ GARRAFA 1L,8.99
LEITE INTEGRAL 1L,LEITE UHT INTEGRAL ZERO LACTOSE LEITÍSSIMO GARRAFA 1L,10.99
LEITE INTEGRAL 1L,LEITE PASTEURIZADO HOMOGENEIZADO TIPO A INTEGRAL FAZENDA BELA VISTA GARRAFA 1L,9.49
LEITE INTEGRAL 1L,LEITE PASTEURIZADO HOMOGENEIZADO TIPO A A2 INTEGRAL XANDÔ GARRAFA 1L,10.79
LEITE INTEGRAL 1L,LEITE PASTEURIZADO TIPO A A2 INTEGRAL FAZENDA BELA VISTA 1L,9.49
LEITE INTEGRAL 1L,LEITE LONGA VIDA INTEGRAL GLÓRIA 1L,0.0
LEITE INTEGRAL 1L,LEITE INTEGRAL NINHO ZERO LACTOSE 1L,0.0
LEITE INTEGRAL 1L,LEITE UHT INTEGRAL PARMALAT CAIXA COM TAMPA 1L,0.0
LEITE INTEGRAL 1L,LEITE UHT INTEGRAL NINHO FORTI+ CAIXA COM TAMPA 1L,0.0
LEITE INTEGRAL 1L,LEITE UHT INTEGRAL PIRACANJUBA CAIXA COM TAMPA 1L,0.0
LEITE INTEGRAL 1L,LEITE UHT INTEGRAL PAULISTA CAIXA COM TAMPA 1L,0.0
LEITE INTEGRAL 1L,NOT MILK INTEGRAL LEITE VEGETAL 1L,0.0
LEITE INTEGRAL 1L,LEITE UHT INTEGRAL QUALITÁ GARRAFA 1L,0.0
LEITE INTEGRAL 1L,LEITE UHT INTEGRAL ORGÂNICO TIMBAÚBA CAIXA COM TAMPA 1L,0.0
FEIJAO CARIOCA 1KG,FEIJÃO CARIOCA TIPO 1 CAMIL PACOTE 1KG,9.99
FEIJAO CARIOCA 1KG,FEIJÃO CARIOCA TIPO 1 NENE PACOTE 1KG,8.99
FEIJAO CARIOCA 1KG,FEIJÃO CARIOCA BROTO LEGAL PACOTE 1KG,10.99
FEIJAO CARIOCA 1KG,FEIJÃO CARIOCA TIPO 1 CORES QUALITÁ PACOTE 1KG,9.99
FEIJAO CARIOCA 1KG,FEIJÃO CARIOCA TIPO 1 PANTERA PREMIUM PACOTE 1KG,10.99
FEIJAO CARIOCA 1KG,FEIJÃO CARIOCA EMPÓRIO SÃO JOÃO 1KG,9.49
FEIJAO CARIOCA 1KG,FEIJÃO CARIOCA TIPO 1 CALDO NOBRE PACOTE 1KG,8.79
FEIJAO CARIOCA 1KG,FEIJÃO CARIOCA TIPO 1 PRA VALER PACOTE 1KG,9.49
FEIJAO CARIOCA 1KG,KIT BACON TABLETE SEARA GOURMET  + FEIJÃO CARIOCA CAMIL 1KG,29.17
FEIJAO CARIOCA 1KG,KIT BACON TABLETE SEARA GOURMET  + FEIJÃO CARIOCA CAMIL 1KG + LINGUIÇA FININHA SEARA,39.16
FEIJAO CARIOCA 1KG,FEIJÃO CARIOCA TIPO 1 KICALDO PACOTE 1KG,0.0
FEIJAO CARIOCA 1KG,FEIJÃO CARIOCA TIPO 1 SABOR MÁXIMO PACOTE 1KG,0.0
ARROZ BRANCO 5KG,ARROZ BRANCO TIPO 1 QUALITÁ PACOTE 5KG,15.99
ARROZ BRANCO 5KG,ARROZ BRANCO TIPO 1 SOLITO PACOTE 5KG,18.99
ARROZ BRANCO 5KG,ARROZ BRANCO TIPO 1 PRA VALER PACOTE 5KG,15.99
FARINHA DE MANDIOCA 500G,FARINHA DE MANDIOCA QUALITÁ 500G,8.79
FARINHA DE MANDIOCA 500G,FARINHA DE MANDIOCA CRUA YOKI PACOTE 500G,8.29
FARINHA DE MANDIOCA 500G,FARINHA DE MANDIOCA TORRADA FINA DEUSA 500G,7.49
FARINHA DE MANDIOCA 500G,FARINHA DE MANDIOCA TIPO 1 FINA KISABOR PACOTE 500G,6.89
FARINHA DE MANDIOCA 500G,FARINHA DE MANDIOCA BIJU DEUSA 500G,0.0
FARINHA DE MANDIOCA 500G,FARINHA DE MANDIOCA BRANCA DEUSA 500G,0.0
FARINHA DE MANDIOCA 500G,FARINHA DE MANDIOCA TORRADA YOKI PACOTE 500G,0.0
FARINHA DE MANDIOCA 500G,FARINHA DE MANDIOCA BIJU YOKI PACOTE 500G,0.0
FARINHA DE MANDIOCA 500G,FARINHA DE MANDIOCA TIPO 1 GROSSA KISABOR PACOTE 500G,0.0
CAFE EM PO 500G,CAFÉ TORRADO E MOÍDO TRADICIONAL PILÃO PACOTE 500G,24.99
CAFE EM PO 500G,CAFÉ TORRADO E MOÍDO TRADICIONAL CAFÉ BRASILEIRO PACOTE 500G,24.99
CAFE EM PO 500G,CAFÉ TORRADO E MOÍDO EXTRAFORTE CAFÉ BRASILEIRO PACOTE 500G,24.99
CAFE EM PO 500G,CAFÉ TORRADO E MOÍDO FORT PACOTE 500G,24.99
CAFE EM PO 500G,CAFÉ TORRADO E MOÍDO EXTRAFORTE CAFÉ PELÉ PACOTE 500G,27.99
CAFE EM PO 500G,CAFÉ TORRADO E MOÍDO TRADICIONAL 3 CORAÇÕES PACOTE 500G,25.99
CAFE EM PO 500G,CAFÉ TORRADO E MOÍDO EXTRAFORTE PILÃO PACOTE 500G,24.99
CAFE EM PO 500G,CAFÉ TORRADO E MOÍDO TRADICIONAL MELITTA CAIXA 500G,34.99
CAFE EM PO 500G,CAFÉ TORRADO E MOÍDO A VÁCUO TRADICIONAL PILÃO PACOTE 500G,24.99
CAFE EM PO 500G,CAFÉ TORRADO E MOÍDO EXTRAFORTE 3 CORAÇÕES PACOTE 500G,25.99
CAFE EM PO 500G,CAFÉ TORRADO E MOÍDO TRADICIONAL CAFÉ PELÉ PACOTE 500G,27.99
CAFE EM PO 500G,CAFÉ TORRADO E MOÍDO TRADICIONAL CABOCLO PACOTE 500G,26.99
CAFE EM PO 500G,CAFÉ TORRADO E MOÍDO EXTRAFORTE MELITTA CAIXA 500G,34.99
CAFE EM PO 500G,CAFÉ TORRADO E MOÍDO TRADICIONAL UNIÃO PACOTE 500G,27.99
CAFE EM PO 500G,CAFÉ TORRADO E MOÍDO INTENSO PILÃO PACOTE 500G,24.99
CAFE EM PO 500G,CAFÉ TORRADO E MOÍDO A VÁCUO EXTRAFORTE PILÃO PACOTE 500G,24.99
CAFE EM PO 500G,CAFÉ TORRADO E MOÍDO A VÁCUO TRADICIONAL CAFÉ BRASILEIRO PACOTE 500G,24.99
CAFE EM PO 500G,CAFÉ TORRADO E MOÍDO A VÁCUO TRADICIONAL 3 CORAÇÕES PACOTE 500G,25.99
CAFE EM PO 500G,CAFÉ TORRADO E MOÍDO EXTRAFORTE QUALITÁ PACOTE 500G,24.99
CAFE EM PO 500G,CAFÉ TORRADO E MOÍDO TRADICIONAL MELITTA PACOTE 500G,34.99
CAFE EM PO 500G,CAFÉ TORRADO E MOÍDO EXTRAFORTE EVOLUTTO PACOTE 500G,35.99
CAFE EM PO 500G,CAFÉ TORRADO E MOÍDO A VÁCUO PILÃO 252 GRAUS PACOTE 500G,24.99
CAFE EM PO 500G,CAFÉ TORRADO E MOÍDO A VÁCUO EXTRAFORTE CAFÉ PELÉ PACOTE 500G,27.99
CAFE EM PO 500G,CAFÉ TORRADO E MOÍDO ITALIANO PILÃO CAFETERIA ESPECIALIDADES PACOTE 500G,22.74
CAFE EM PO 500G,CAFÉ TORRADO E MOÍDO ESPRESSO PILÃO CAFETERIA ESPECIALIDADES PACOTE 500G,22.74
CAFE EM PO 500G,CAFÉ TORRADO E MOÍDO A VÁCUO INTENSO PILÃO PACOTE 500G,24.99
CAFE EM PO 500G,CAFÉ TORRADO E MOÍDO TRADICIONAL PILÃO POUCH 500G,33.99
CAFE EM PO 500G,CAFÉ TORRADO E MOÍDO A VÁCUO TRADICIONAL CABOCLO PACOTE 500G,26.99
CAFE EM PO 500G,CAFÉ TORRADO E MOÍDO EXTRAFORTE UNIÃO PACOTE 500G,27.99
CAFE EM PO 500G,CAFÉ TORRADO E MOÍDO SUPERIOR EVOLUTTO PREMIUM PACOTE 500G,33.99
CAFE EM PO 500G,CAFÉ TORRADO E MOÍDO A VÁCUO EXTRAFORTE 3 CORAÇÕES PACOTE 500G,25.99
CAFE EM PO 500G,CAFÉ TORRADO E MOÍDO A VÁCUO EXTRAFORTE CABOCLO PACOTE 500G,26.99
CAFE EM PO 500G,CAFÉ TORRADO E MOÍDO MELITTA SABOR DA FAZENDA CAIXA 500G,37.99
CAFE EM PO 500G,CAFÉ TORRADO E MOÍDO A VÁCUO EXTRAFORTE CAFÉ BRASILEIRO PACOTE 500G,24.99
CAFE EM PO 500G,CAFÉ TORRADO E MOÍDO PILÃO 252 GRAUS POUCH 500G,33.99
CAFE EM PO 500G,CAFÉ TORRADO E MOÍDO TRADICIONAL SELETO PACOTE 500G,26.99
CAFE EM PO 500G,CAFÉ TORRADO E MOÍDO A VÁCUO 3 CORAÇÕES ESTRADA REAL PREMIUM PACOTE 500G,42.99
CAFE EM PO 500G,"COMPRE 1 CAFÉ TORRADO E MOÍDO TRADICIONAL UNIÃO 500G  + CAFÉ TORRADO E MOÍDO EXTRA FORTE  UNIÃO 500 +  R$0,01 LEVE 1  AÇUCAR REFINADO UNIÃO 1KG",59.77
CAFE EM PO 500G,"COMPRE 2 CAFÉ TORRADO E MOÍDO EXTRA FORTE  UNIÃO 500G  + R$0,01 LEVE 1  AÇUCAR REFINADO UNIÃO 1KG",59.77
CAFE EM PO 500G,"COMPRE 2 CAFÉ TORRADO E MOÍDO TRADICIONAL UNIÃO 500G  + R$0,01 LEVE 1  AÇUCAR REFINADO UNIÃO 1KG",59.77
CAFE EM PO 500G,CAFÉ TORRADO E MOÍDO COADO PILÃO CAFETERIA ESPECIALIDADES PACOTE 500G,0.0
CAFE EM PO 500G,CAFÉ TORRADO E MOÍDO EXTRAFORTE PILÃO POUCH 500G,0.0
CAFE EM PO 500G,CAFÉ TORRADO E MOÍDO CAFÉ 3 FAZENDAS PACOTE 500G,0.0
CAFE EM PO 500G,CAFÉ TORRADO E MOÍDO TRADICIONAL QUALITÁ PACOTE 500G,0.0
CAFE EM PO 500G,CAFÉ TORRADO E MOÍDO A VÁCUO TRADICIONAL UNIÃO PACOTE 500G,0.0
CAFE EM PO 500G,CAFÉ TORRADO E MOÍDO A VÁCUO EXTRAFORTE UNIÃO PACOTE 500G,0.0
CAFE EM PO 500G,CAFÉ TORRADO E MOÍDO A VÁCUO TRADICIONAL QUALITÁ PACOTE 500G,0.0
CAFE EM PO 500G,CAFÉ TORRADO E MOÍDO TRADICIONAL EVOLUTTO PACOTE 500G,0.0
CAFE EM PO 500G,CAFÉ TORRADO E MOÍDO FORTE SELETO PACOTE 500G,0.0
CAFE EM PO 500G,CAFÉ TORRADO E MOÍDO A VÁCUO EXTRAFORTE QUALITÁ PACOTE 500G,0.0
ACUCAR REFINADO 1KG,AÇÚCAR REFINADO UNIÃO PACOTE 1KG,3.79
ACUCAR REFINADO 1KG,AÇÚCAR REFINADO QUALITÁ PACOTE 1KG,3.39
ACUCAR REFINADO 1KG,AÇÚCAR REFINADO DA BARRA PACOTE 1KG,4.59
ACUCAR REFINADO 1KG,AÇÚCAR REFINADO GRANULADO DOÇÚCAR UNIÃO PACOTE 1KG,5.99
ACUCAR REFINADO 1KG,"COMPRE 2 CAFÉ TORRADO E MOÍDO EXTRA FORTE  UNIÃO 500G  + R$0,01 LEVE 1  AÇUCAR REFINADO UNIÃO 1KG",59.77
ACUCAR REFINADO 1KG,"COMPRE 2 CAFÉ TORRADO E MOÍDO TRADICIONAL UNIÃO 500G  + R$0,01 LEVE 1  AÇUCAR REFINADO UNIÃO 1KG",59.77
ACUCAR REFINADO 1KG,"COMPRE 1 CAFÉ TORRADO E MOÍDO TRADICIONAL UNIÃO 500G  + CAFÉ TORRADO E MOÍDO EXTRA FORTE  UNIÃO 500 +  R$0,01 LEVE 1  AÇUCAR REFINADO UNIÃO 1KG",59.77
ACUCAR REFINADO 1KG,AÇÚCAR REFINADO CARAVELAS PACOTE 1KG,0.0
ACUCAR REFINADO 1KG,AÇÚCAR REFINADO GUARANI PACOTE 1KG,0.0
ACUCAR REFINADO 1KG,AÇÚCAR REFINADO ALTO ALEGRE PACOTE 1KG,0.0
OLEO DE SOJA 900ML,ÓLEO DE SOJA SOYA GARRAFA 900ML,7.79
OLEO DE SOJA 900ML,ÓLEO DE SOJA TIPO 1 LIZA GARRAFA 900ML,7.99
OLEO DE SOJA 900ML,ÓLEO DE SOJA TIPO 1 QUALITÁ GARRAFA 900ML,7.79
OLEO DE SOJA 900ML,ÓLEO DE SOJA VITALIV GARRAFA 900ML,0.0
MARGARINA CREMOSA 500G,MARGARINA CREMOSA COM SAL QUALY POTE 500G,7.88
MARGARINA CREMOSA 500G,MARGARINA CREMOSA SEM SAL QUALY POTE 500G,7.88
MARGARINA CREMOSA 500G,MARGARINA CREMOSA COM SAL E CREME DE LEITE CLAYBOM POTE 500G,7.39
MARGARINA CREMOSA 500G,MARGARINA CREMOSA SEM SAL COM CREME DE LEITE CLAYBOM POTE 500G,7.39
CARNE ACEM,CARNE MOÍDA DE ACÉM DIANTEIRO RESFRIADA QUALITÁ 500G,41.9
CARNE ACEM,CARNE MOÍDA DE ACÉM HOMOGENEIZADA BANDEJA 500G,0.0
BATATA INGLESA,BATATA COMUM PRA VALER 1KG,4.79
BATATA INGLESA,BATATA INGLESA EM CUBO NUTRI 400G,0.0
BATATA INGLESA,BATATA INGLESA ORGÂNICA NUTRI 400G,0.0
BATATA INGLESA,BATATA COMUM ORGÂNICA TAEQ 600G,0.0
TOMATE ITALIANO,TOMATE ITALIANO 500G (APROX. 3 A 4 UNID),7.49
TOMATE ITALIANO,TOMATE ITALIANO QUALITÁ BANDEJA 500G,14.9
TOMATE ITALIANO,TOMATE ITALIANO ORGÂNICO TAEQ 500G,16.9
PAO FRANCES,PÃO FRANCÊS 50G,1.04
PAO FRANCES,PAO FRANCES INTEGRAL,5.72
PAO FRANCES,PÃO FRANCÊS SWIFT 480G,10.9
PAO FRANCES,PÃO FRANCES SWIFT 180G,5.59
PAO FRANCES,MINI PÃO FRANCÊS 250G,4.38
PAO FRANCES,PÃO FRANCÊS SEMI ASSADO 50G,1.04
PAO FRANCES,MINI PÃO FRANCÊS INTEGRAL 200G,3.98
PAO FRANCES,PÃO FRANCÊS CONGELADO RÚSTICO SWIFT PACOTE 120G,4.9
PAO FRANCES,PÃO BRIOCHE FRANCÊS 250G,7.6
PAO FRANCES,PÃO BRIOCHE FRANCÊS FABRICAÇÃO PRÓPRIA 230G,6.71
PAO FRANCES,PÃO COMUM FRANCÊS INTEGRAL SWIFT 3X70 210G,7.59
PAO FRANCES,PÃO BRIOCHE FRANCÊS FORNO PRONTO CENTRAL 250G,6.32
PAO FRANCES,MINI PÃO COMUM FRANCÊS SWIFT 10X30 300G,8.22
PAO FRANCES,PÃO DOCE COM CREME E COCO FABRICAÇÃO PRÓPRIA 300G,9.0
PAO FRANCES,PÃO DE BATATA SEM GLÚTEN SEM LEITE SEM LACTOSE PÃOZINHO BELIVE 198G,21.59
PAO FRANCES,PÃO DE FORMA TRADICIONAL QUALITÁ PACOTE 400G,5.69
PAO FRANCES,PÃO BISNAGUINHA TRADICIONAL QUALITÁ PACOTE 300G,5.69
PAO FRANCES,PÃO BISNAGUINHA PANCO ORIGINAIS PACOTE 300G,8.99
PAO FRANCES,PÃO DE FORMA PANCO PREMIUM PACOTE 500G,11.99
PAO FRANCES,PÃO DE FORMA INTEGRAL QUALITÁ PACOTE 400G,7.89
PAO FRANCES,PÃO BISNAGUINHA ORIGINAL SEVEN BOYS PACOTE 300G,5.99
PAO FRANCES,PÃO PARA HAMBÚRGUER QUALITÁ C/4 200G,5.59
PAO FRANCES,PÃO CARÁ 250G,4.58
PAO FRANCES,PÃO DE FORMA INTEGRAL WICKBOLD VIVA INTEGRALMENTE PREMIUM PACOTE 450G,6.36
PAO FRANCES,PÃO RECHEADO COM DOCE DE LEITE SWIFT 300G,13.79
PAO FRANCES,PÃO DE FORMA INTEGRAL PULLMAN PACOTE 480G,7.49
PAO FRANCES,PÃO DE FORMA CASERINO TRADICIONAL QUALITÁ PACOTE 500G,8.29
PAO FRANCES,PÃOZINHO DE CEBOLA BELIVE SEM GLUTEN 200G,22.99
PAO FRANCES,PÃO DE QUEIJO TRADICIONAL PRA VALER PACOTE 300G,5.99
PAO FRANCES,PÃO SOVADO QUALITÁ 500G,11.89
PAO FRANCES,PÃO DE FORMA ORIGINAL PULLMAN ARTESANO PACOTE 500G,12.99
PAO FRANCES,PÃO ITALIANO 350G,7.28
PAO FRANCES,PÃO PARA HOT DOG QUALITÁ COM 4 UNIDADES 200G,4.29
PAO FRANCES,PÃO PARA HAMBÚRGUER BRIOCHE PULLMAN GRAND BURGER PACOTE 520G TAMANHO FAMÍLIA,14.99
PAO FRANCES,PÃO INTEGRAL CASTANHA-DO-PARÁ E QUINOA WICKBOLD GRÃO SABOR PACOTE 450G,12.99
PAO FRANCES,PÃO CASEIRO MILHO PANCO PACOTE 500G,13.99
PAO FRANCES,PÃO SOVADO PANCO PACOTE 500G,16.49
PAO FRANCES,PÃO DE QUEIJO CONGELADO RECHEIO DOCE DE LEITE QUALITÁ PACOTE 300G,18.89
PAO FRANCES,PÃO DE QUEIJO CONGELADO TRADICIONAL QUALITÁ PACOTE 400G,16.89
PAO FRANCES,PÃO DE QUEIJO CONGELADO TRADICIONAL FORNO DE MINAS PACOTE 400G,22.9
PAO FRANCES,PÃO MILHO SEVEN BOYS CASA DE VÓ PACOTE 500G,10.99
PAO FRANCES,PÃO DE FORMA TRADICIONAL VISCONTI PACOTE 400G,7.79
PAO FRANCES,PÃO DE QUEIJO CONGELADO COQUETEL FORNO DE MINAS PACOTE 400G,22.9
PAO FRANCES,PÃO PARA HOT DOG QUALITÁ COM 10 UNIDADES 500G,12.49
PAO FRANCES,PÃO DE FORMA CASERINO INTEGRAL QUALITÁ PACOTE 500G,9.89
PAO FRANCES,PÃO DE FORMA INTEGRAL PULLMAN ARTESANO PACOTE 500G,14.99
PAO FRANCES,PÃO DE QUEIJO SWIFT 400G,11.49
PAO FRANCES,PÃO INTEGRAL PANUTRIR PACOTE 450G,8.49
PAO FRANCES,PÃO INTEGRAL CASTANHA-DO-PARÁ E QUINOA NUTRELLA PACOTE 350G,14.99
PAO FRANCES,PÃO FILÃO 300G,6.46
PAO FRANCES,PÃO DE QUEIJO TRADICIONAL QUALITÁ PACOTE 1KG,30.52
PAO FRANCES,PÃO TORTILHA ORIGINAL RAP10 POUCH 297G,16.49
PAO FRANCES,PÃO TORTILHA FIT RAP10 POUCH 297G,16.49
PAO FRANCES,PÃO INTEGRAL CASTANHA-DO-PARÁ E QUINOA WICKBOLD GRÃO SABOR PACOTE 350G,10.39
PAO FRANCES,PÃO DE FORMA TRADICIONAL BAUDUCCO PACOTE 390G,8.99
PAO FRANCES,PÃO PARA HAMBÚRGUER COM GERGELIM QUALITÁ 200G COM 4 UNIDADES,5.69
PAO FRANCES,PÃO INTEGRAL 18 GRÃOS WICKBOLD GRÃO SABOR PACOTE 450G,10.39
PAO FRANCES,PÃO CASEIRO COCO PANCO PACOTE 350G,14.99
PAO FRANCES,PÃO DE ALHO TRADICIONAL SANTA MASSA 400G,17.49
PAO FRANCES,PÃO DE MEL BAUDUCCO PACOTE 30G,2.39
PAO FRANCES,"PÃO MAÇÃ, CANELA E PASSAS WICKBOLD GRÃO SABOR PACOTE 450G",12.99
PAO FRANCES,PÃO DE FORMA INTEGRAL 12 GRÃOS TAEQ PACOTE 350G,8.89
PAO FRANCES,PÃO PARA HAMBÚRGUER GOURMET PANUTRI 500G,11.99
PAO FRANCES,PÃO DE FORMA INTEGRAL VISCONTI PACOTE 400G,9.29
PAO FRANCES,PÃO DE LEITE 270G,6.64
PAO FRANCES,PÃO DE MEL BAUDUCCO CAIXA 180G,10.99
PAO FRANCES,PÃO INTEGRAL AVEIA E SEMENTES CLÁSSICAS NUTRELLA PACOTE 350G,13.69
PAO FRANCES,PÃO TORTILHA INTEGRAL RAP10 POUCH 297G,16.49
PAO FRANCES,PÃO DE FORMA INTEGRAL BAUDUCCO PACOTE 390G,9.99
PAO FRANCES,PÃO DE FORMA TRADICIONAL PANUTRIR 450G,6.99
PAO FRANCES,PÃO DE FORMA INTEGRAL CASTANHA E QUINOA TAEQ PACOTE 400G,10.49
PAO FRANCES,PÃO DE ALHO BAGUETE TRADICIONAL ZINHO PACOTE 300G,14.49
PAO FRANCES,PÃO PARA HOT DOG PANUTRIR 400G,11.99
PAO FRANCES,PÃO DE LEITE PANUTRI 450G,6.99
PAO FRANCES,PÃO DE MEL PANCO PACOTE 500G,11.29
PAO FRANCES,PÃO DE FORMA INTEGRAL MACADÂMIA E CHIA TAEQ PACOTE 400G,10.49
PAO FRANCES,PÃO BISNAGUINHA ORIGINAL PULLMAN ARTESANO POUCH 300G,8.99
PAO FRANCES,PÃO VANDERLEYA 250G,7.5
PAO FRANCES,PÃO NA CHAPA PULLMAN ARTESANO PACOTE 500G,14.99
PAO FRANCES,PÃO HOT DOG FABRICAÇÃO PRÓPRIA 400G,8.29
PAO FRANCES,PÃO BISNAGUINHA NA CHAPA PULLMAN ARTESANO PACOTE 300G,8.99
PAO FRANCES,PÃO DE QUEIJO CONGELADO TRADICIONAL FORNO DE MINAS PACOTE 820G,39.9
PAO FRANCES,PÃO DE ALHO BOLINHA RECHEIO QUEIJO ZINHO PACOTE 300G,14.99
PAO FRANCES,PÃO NA CHAPA WICKBOLD DO FORNO PACOTE 450G,12.99
PAO FRANCES,PÃO BATATA-DOCE COM GRÃOS SEM GLÚTEN ZERO LACTOSE GRANI AMICI ANCESTRALE PACOTE 420G,25.99
PAO FRANCES,PÃO AUSTRALIANO INTEGRAL WICKBOLD DO FORNO PACOTE 500G,14.49
PAO FRANCES,PÃO BISNAGUINHA ORIGINAL BAUDUCCO PACOTE 260G,7.99
PAO FRANCES,PÃO BRIOCHE DE FORMA PULLMAN ARTESANO PACOTE 500G,14.99
PAO FRANCES,PÃO CHIA E MACADÂMIA VEGANO WICKBOLD GRÃO SABOR PACOTE 350G,10.39
PAO FRANCES,PÃO DE FORMA MULTIGRÃOS BAUDUCCO PACOTE 390G,11.99
PAO FRANCES,PÃO DE FORMA PLUFI NUT 400G,6.99
PAO FRANCES,PÃO BISNAGUINHA INTEGRAL PANCO PACOTE 300G,10.99
PAO FRANCES,PÃO DE FORMA AUSTRALIANO PULLMAN ARTESANO PACOTE 500G,14.99
PAO FRANCES,PÃO AIRFRYER CATUPIRY ZINHO 150G,7.64
PAO FRANCES,PÃO DE FORMA ORIGINAL WICKBOLD DO FORNO PACOTE 500G,15.49
PAO FRANCES,PÃO DE QUEIJO CONGELADO FORNO DE MINAS PACOTE 820G,34.32
BANANA NANICA,BANANA NANICA 800G,6.39
BANANA NANICA,BANANA NANICA TAEQ 800G (APROX. 3 A 4 UNID),6.39
